<?xml version="1.0" encoding="UTF-8"?>
<metadata xml:lang="en"><Esri><CreaDate>20180712</CreaDate><CreaTime>08471800</CreaTime><ArcGISFormat>1.0</ArcGISFormat><SyncOnce>TRUE</SyncOnce><DataProperties><lineage><Process ToolSource="c:\program files (x86)\arcgis\desktop10.2\ArcToolbox\Toolboxes\Spatial Analyst Tools.tbx\ExtractByMask" Date="20180712" Time="084718">ExtractByMask H:\RAS_2D_Modeling\Tutorial\Final\InputData\wab_tip30 ClipPoly H:\RAS_2D_Modeling\Tutorial\wab_tip</Process></lineage></DataProperties></Esri></metadata>
